"Symbol","Name","LastSale","MarketCap","IPOyear","Sector","industry","Summary Quote",
"XXII","22nd Century Group, Inc","0.93","$84.35M","n/a","Consumer Non-Durables","Farming/Seeds/Milling","http://www.nasdaq.com/symbol/xxii",
"FAX","Aberdeen Asia-Pacific Income Fund Inc","4.82","$1.24B","n/a","n/a","n/a","http://www.nasdaq.com/symbol/fax",
"IAF","Aberdeen Australia Equity Fund Inc","5.63","$128.19M","n/a","n/a","n/a","http://www.nasdaq.com/symbol/iaf",
"CH","Aberdeen Chile Fund, Inc.","6.27","$58.85M","n/a","n/a","n/a","http://www.nasdaq.com/symbol/ch",
"ABE           ","Aberdeen Emerging Markets Smaller Company Opportunities Fund I","11.24","$108.79M","n/a","n/a","n/a","http://www.nasdaq.com/symbol/abe",
"FCO","Aberdeen Global Income Fund, Inc.","8.08","$70.81M","n/a","n/a","n/a","http://www.nasdaq.com/symbol/fco",
"IF","Aberdeen Indonesia Fund, Inc.","6.4","$60.16M","n/a","n/a","n/a","http://www.nasdaq.com/symbol/if",
"ISL","Aberdeen Israel Fund, Inc.","16.2966","$65.15M","n/a","n/a","n/a","http://www.nasdaq.com/symbol/isl",
"ACU","Acme United Corporation.","22.4","$74.48M","n/a","Capital Goods","Industrial Machinery/Components","http://www.nasdaq.com/symbol/acu",
"AIII","ACRE Realty Investors, Inc.","1.1873","$24.3M","n/a","Consumer Services","Real Estate Investment Trusts","http://www.nasdaq.com/symbol/aiii",
"ATNM","Actinium Pharmaceuticals, Inc.","0.971","$54.13M","n/a","Health Care","Major Pharmaceuticals","http://www.nasdaq.com/symbol/atnm",
"AE","Adams Resources & Energy, Inc.","40.91","$172.54M","n/a","Energy","Oil Refining/Marketing","http://www.nasdaq.com/symbol/ae",
"ADK","Adcare Health Systems Inc","1.59","$31.7M","n/a","Health Care","Hospital/Nursing Management","http://www.nasdaq.com/symbol/adk",
"ADK^A","Adcare Health Systems Inc","23.1647","n/a","n/a","n/a","n/a","http://www.nasdaq.com/symbol/adk^a",
"ACY","AeroCentury Corp.","9","$14.1M","n/a","Technology","Diversified Commercial Services","http://www.nasdaq.com/symbol/acy",
"AIRI","Air Industries Group","2.75","$20.85M","n/a","Capital Goods","Military/Government/Technical","http://www.nasdaq.com/symbol/airi",
"AXU","Alexco Resource Corp","1.37","$126.93M","n/a","Basic Industries","Precious Metals","http://www.nasdaq.com/symbol/axu",
"AAU","Almaden Minerals, Ltd.","1.0601","$91.37M","n/a","Basic Industries","Precious Metals","http://www.nasdaq.com/symbol/aau",
"APT","Alpha Pro Tech, Ltd.","3.45","$56.24M","n/a","Health Care","Industrial Specialties","http://www.nasdaq.com/symbol/apt",
"AAMC","Altisource Asset Management Corp","43.8","$64.81M","n/a","Finance","Real Estate","http://www.nasdaq.com/symbol/aamc",
"DIT","AMCON Distributing Company","96.55","$66.62M","n/a","Consumer Non-Durables","Food Distributors","http://www.nasdaq.com/symbol/dit",
"ADGE","American DG Energy Inc.","0.2601","$13.18M","n/a","Public Utilities","Power Generation","http://www.nasdaq.com/symbol/adge",
"AFCO","American Farmland Company","7.58","$148.64M","n/a","Consumer Services","Real Estate Investment Trusts","http://www.nasdaq.com/symbol/afco",
"ALN","American Lorain Corporation","0.638","$24.42M","n/a","Consumer Non-Durables","Packaged Foods","http://www.nasdaq.com/symbol/aln",
"AMS","American Shared Hospital Services","3.15","$16.91M","n/a","Health Care","Medical Specialities","http://www.nasdaq.com/symbol/ams",
"AMPE","Ampio Pharmaceuticals, Inc.","0.9287","$53.1M","n/a","Health Care","Major Pharmaceuticals","http://www.nasdaq.com/symbol/ampe",
"APHB","AmpliPhi Biosciences Corporation","0.49","$5.45M","n/a","Health Care","Biotechnology: Biological Products (No Diagnostic Substances)","http://www.nasdaq.com/symbol/aphb",
"AXN","Aoxing Pharmaceutical Company, Inc.","0.3999","$30.48M","n/a","Health Care","Major Pharmaceuticals","http://www.nasdaq.com/symbol/axn",
"ARNC^","Arconic Inc.","88.9999","n/a","n/a","n/a","n/a","http://www.nasdaq.com/symbol/arnc^",
"HRT","Arrhythmia Research Technology Inc.","3.982","$11.22M","n/a","Health Care","Biotechnology: Electromedical & Electrotherapeutic Apparatus","http://www.nasdaq.com/symbol/hrt",
"AKG","Asanko Gold Inc.","3.16","$637.78M","n/a","Basic Industries","Mining & Quarrying of Nonmetallic Minerals (No Fuels)","http://www.nasdaq.com/symbol/akg",
"AINC","Ashford Inc.","42.74","$86.15M","n/a","Consumer Services","Professional Services","http://www.nasdaq.com/symbol/ainc",
"ASB.WS","Associated Banc-Corp","n/a","n/a","n/a","n/a","n/a","http://www.nasdaq.com/symbol/asb.ws",
"AST","Asterias Biotherapeutics, Inc.","4.25","$197.3M","n/a","Health Care","Biotechnology: Biological Products (No Diagnostic Substances)","http://www.nasdaq.com/symbol/ast",
"AST.WS","Asterias Biotherapeutics, Inc.","n/a","n/a","n/a","n/a","n/a","http://www.nasdaq.com/symbol/ast.ws",
"AWX","Avalon Holdings Corporation","2.76","$10.5M","n/a","Public Utilities","Environmental Services","http://www.nasdaq.com/symbol/awx",
"ASM","Avino Silver","1.35","$70.78M","n/a","Basic Industries","Precious Metals","http://www.nasdaq.com/symbol/asm",
"BTG","B2Gold Corp","2.25","$2.15B","n/a","Basic Industries","Precious Metals","http://www.nasdaq.com/symbol/btg",
"BTN","Ballantyne Strong, Inc","7.75","$110.45M","n/a","Miscellaneous","Industrial Machinery/Components","http://www.nasdaq.com/symbol/btn",
"BKJ","Bancorp of New Jersey, Inc","13.4","$84.64M","n/a","Finance","Major Banks","http://www.nasdaq.com/symbol/bkj",
"BCV","Bancroft Fund Limited","20.3173","$104.25M","n/a","n/a","n/a","http://www.nasdaq.com/symbol/bcv",
"BCV^A","Bancroft Fund Limited","23.79","n/a","n/a","n/a","n/a","http://www.nasdaq.com/symbol/bcv^a",
"BAA","BANRO CORPORATION","0.1775","$53.69M","n/a","Basic Industries","Precious Metals","http://www.nasdaq.com/symbol/baa",
"BHB","Bar Harbor Bankshares, Inc.","48.82","$295.66M","n/a","Finance","Major Banks","http://www.nasdaq.com/symbol/bhb",
"BRN","Barnwell Industries, Inc.","1.72","$14.24M","n/a","Energy","Oil & Gas Production","http://www.nasdaq.com/symbol/brn",
"BGSF","BG Staffing Inc","15.31","$132.71M","n/a","Technology","Professional Services","http://www.nasdaq.com/symbol/bgsf",
"BPMX","BioPharmX Corporation","0.518","$35.2M","n/a","Health Care","Major Pharmaceuticals","http://www.nasdaq.com/symbol/bpmx",
"BTX","BioTime, Inc.","3.41","$352.57M","n/a","Health Care","Biotechnology: Biological Products (No Diagnostic Substances)","http://www.nasdaq.com/symbol/btx",
"BTX.WS","BioTime, Inc.","n/a","n/a","n/a","n/a","n/a","http://www.nasdaq.com/symbol/btx.ws",
"BGI","Birks Group Inc.","1.06","$19.04M","n/a","Consumer Services","Consumer Specialties","http://www.nasdaq.com/symbol/bgi",
"BZM","BlackRock Maryland Municipal Bond Trust","14.63","$30.42M","n/a","n/a","n/a","http://www.nasdaq.com/symbol/bzm",
"MHE","BlackRock Massachusetts Tax-Exempt Trust","12.99","$30.75M","n/a","n/a","n/a","http://www.nasdaq.com/symbol/mhe",
"BLE","BlackRock Municipal Income Trust II","14.38","$337.79M","n/a","n/a","n/a","http://www.nasdaq.com/symbol/ble",
"BLJ","Blackrock New Jersey Municipal Bond Trust","14.457","$33.64M","n/a","n/a","n/a","http://www.nasdaq.com/symbol/blj",
"BFY","BlackRock New York Municipal Income Trust II","14.27","$71.42M","n/a","n/a","n/a","http://www.nasdaq.com/symbol/bfy",
"BHV","BlackRock Virginia Municipal Bond Trust","17.26","$27.57M","n/a","n/a","n/a","http://www.nasdaq.com/symbol/bhv",
"BDR","Blonder Tongue Laboratories, Inc.","0.49","$3.97M","n/a","Technology","Radio And Television Broadcasting And Communications Equipment","http://www.nasdaq.com/symbol/bdr",
"BRG","Bluerock Residential Growth REIT, Inc.","12.92","$252.8M","n/a","Consumer Services","Real Estate Investment Trusts","http://www.nasdaq.com/symbol/brg",
"BRG^A","Bluerock Residential Growth REIT, Inc.","25.9","n/a","n/a","n/a","n/a","http://www.nasdaq.com/symbol/brg^a",
"BRG^C","Bluerock Residential Growth REIT, Inc.","25.11","n/a","n/a","n/a","n/a","http://www.nasdaq.com/symbol/brg^c",
"BRG^D","Bluerock Residential Growth REIT, Inc.","22.4883","n/a","n/a","n/a","n/a","http://www.nasdaq.com/symbol/brg^d",
"BVX","Bovie Medical Corporation","4.01","$116.28M","n/a","Health Care","Medical/Dental Instruments","http://www.nasdaq.com/symbol/bvx",
"BWL.A","Bowl America, Inc.","n/a","n/a","n/a","n/a","n/a","http://www.nasdaq.com/symbol/bwl.a",
"BTI","British American Tobacco p.l.c.","111.81","$104.23B","n/a","Consumer Non-Durables","Farming/Seeds/Milling","http://www.nasdaq.com/symbol/bti",
"CANF","Can-Fite Biopharma Ltd","2.1599","$29.93M","n/a","Health Care","Major Pharmaceuticals","http://www.nasdaq.com/symbol/canf",
"ROX","Castle Brands, Inc.","0.7087","$114.07M","n/a","Consumer Non-Durables","Beverages (Production/Distribution)","http://www.nasdaq.com/symbol/rox",
"CAW","CCA Industries, Inc.","2.575","$18.04M","n/a","Consumer Non-Durables","Package Goods/Cosmetics","http://www.nasdaq.com/symbol/caw",
"CVM","Cel-Sci Corporation","0.1063","$16.6M","n/a","Health Care","Biotechnology: Biological Products (No Diagnostic Substances)","http://www.nasdaq.com/symbol/cvm",
"CVM.WS","Cel-Sci Corporation","n/a","n/a","n/a","n/a","n/a","http://www.nasdaq.com/symbol/cvm.ws",
"CEF","Central Fund of Canada Limited","11.66","$2.96B","n/a","n/a","n/a","http://www.nasdaq.com/symbol/cef",
"CET","Central Securities Corporation","21.69","$531.55M","n/a","n/a","n/a","http://www.nasdaq.com/symbol/cet",
"LEU","Centrus Energy Corp.","5.95","$53.55M","n/a","Basic Industries","Mining & Quarrying of Nonmetallic Minerals (No Fuels)","http://www.nasdaq.com/symbol/leu",
"CCF","Chase Corporation","87.85","$818.96M","n/a","Consumer Durables","Building Products","http://www.nasdaq.com/symbol/ccf",
"CQH","Cheniere Energy Partners LP Holdings, LLC","21.71","$5.03B","n/a","Public Utilities","Oil/Gas Transmission","http://www.nasdaq.com/symbol/cqh",
"CQP","Cheniere Energy Partners, LP","27.26","$9.21B","n/a","Public Utilities","Oil/Gas Transmission","http://www.nasdaq.com/symbol/cqp",
"LNG","Cheniere Energy, Inc.","41.62","$9.78B","n/a","Public Utilities","Oil/Gas Transmission","http://www.nasdaq.com/symbol/lng",
"CVR","Chicago Rivet & Machine Co.","37.71","$36.43M","n/a","Technology","Industrial Machinery/Components","http://www.nasdaq.com/symbol/cvr",
"CPHI","China Pharma Holdings, Inc.","0.2301","$10.03M","n/a","Health Care","Major Pharmaceuticals","http://www.nasdaq.com/symbol/cphi",
"CKX","CKX Lands, Inc.","10.9","$21.17M","n/a","Energy","Oil & Gas Production","http://www.nasdaq.com/symbol/ckx",
"GLV","Clough Global Dividend and Income Fund","11.69","$121.49M","n/a","n/a","n/a","http://www.nasdaq.com/symbol/glv",
"GLQ","Clough Global Equity Fund","10.87","$191.89M","n/a","n/a","n/a","http://www.nasdaq.com/symbol/glq",
"GLO","Clough Global Opportunities Fund","8.78","$452.82M","n/a","n/a","n/a","http://www.nasdaq.com/symbol/glo",
"MOC","Command Security Corporation","2.82","$27.75M","n/a","Consumer Services","Diversified Commercial Services","http://www.nasdaq.com/symbol/moc",
"CIX","CompX International Inc.","13.25","$164.55M","n/a","Capital Goods","Industrial Machinery/Components","http://www.nasdaq.com/symbol/cix",
"LODE","Comstock Mining, Inc.","0.257","$47.41M","n/a","Basic Industries","Precious Metals","http://www.nasdaq.com/symbol/lode",
"CTO","Consolidated-Tomoka Land Co.","54","$309.94M","n/a","Finance","Real Estate","http://www.nasdaq.com/symbol/cto",
"MCF","Contango Oil & Gas Company","9.71","$245.3M","n/a","Energy","Oil & Gas Production","http://www.nasdaq.com/symbol/mcf",
"CUO","Continental Materials Corporation","23.5","$39.27M","n/a","Capital Goods","Building Materials","http://www.nasdaq.com/symbol/cuo",
"CMT","Core Molding Technologies Inc","16.95","$132.07M","n/a","Consumer Non-Durables","Plastic Products","http://www.nasdaq.com/symbol/cmt",
"CVRS","Corindus Vascular Robotics, Inc.","0.7484","$89.08M","n/a","Health Care","Medical/Dental Instruments","http://www.nasdaq.com/symbol/cvrs",
"CRMD","CorMedix Inc","1.57","$63.47M","n/a","Health Care","Major Pharmaceuticals","http://www.nasdaq.com/symbol/crmd",
"CRF","Cornerstone Strategic Return Fund, Inc. (The)","14.55","$112.94M","n/a","n/a","n/a","http://www.nasdaq.com/symbol/crf",
"CLM","Cornerstone Strategic Value Fund, Inc.","15.03","$325.29M","n/a","n/a","n/a","http://www.nasdaq.com/symbol/clm",
"CVU","CPI Aerostructures, Inc.","7.95","$69.45M","n/a","Capital Goods","Military/Government/Technical","http://www.nasdaq.com/symbol/cvu",
"CIK","Credit Suisse Asset Management Income Fund, Inc.","3.1293","$163.59M","n/a","n/a","n/a","http://www.nasdaq.com/symbol/cik",
"DHY","Credit Suisse High Yield Bond Fund","2.49","$248.77M","n/a","n/a","n/a","http://www.nasdaq.com/symbol/dhy",
"CRHM","CRH Medical Corporation","5.25","$379.71M","n/a","Health Care","Medical/Dental Instruments","http://www.nasdaq.com/symbol/crhm",
"CRVP","Crystal Rock Holdings, Inc.","0.83","$17.73M","n/a","Consumer Non-Durables","Food Distributors","http://www.nasdaq.com/symbol/crvp",
"DXR","Daxor Corporation","9.09","$34.78M","n/a","Health Care","Medical/Dental Instruments","http://www.nasdaq.com/symbol/dxr",
"VCF","Delaware Investments Colorado Municipal Income Fund, Inc","14.85","$71.83M","n/a","n/a","n/a","http://www.nasdaq.com/symbol/vcf",
"VFL","Delaware Investments Florida Insured Municipal Income Fund","13.14","$59.5M","n/a","n/a","n/a","http://www.nasdaq.com/symbol/vfl",
"VMM","Delaware Investments Minnesota Municipal Income Fund II, Inc.","13.74","$158.08M","n/a","n/a","n/a","http://www.nasdaq.com/symbol/vmm",
"DLA","Delta Apparel, Inc.","19.81","$150.15M","n/a","Consumer Non-Durables","Apparel","http://www.nasdaq.com/symbol/dla",
"DNN","Denison Mine Corp","0.5373","$286.61M","n/a","Basic Industries","Precious Metals","http://www.nasdaq.com/symbol/dnn",
"DGSE","DGSE Companies, Inc.","1.1499","$14.25M","n/a","Consumer Services","Consumer Specialties","http://www.nasdaq.com/symbol/dgse",
"DPW","Digital Power Corporation","0.61","$4.68M","n/a","Capital Goods","Industrial Machinery/Components","http://www.nasdaq.com/symbol/dpw",
"DSS","Document Security Systems, Inc.","0.65","$8.44M","n/a","Consumer Durables","Containers/Packaging","http://www.nasdaq.com/symbol/dss",
"DMF","Dreyfus Municipal Income, Inc.","8.65","$179.46M","n/a","n/a","n/a","http://www.nasdaq.com/symbol/dmf",
"GRF","Eagle Capital Growth Fund, Inc.","7.51","$24.51M","n/a","n/a","n/a","http://www.nasdaq.com/symbol/grf",
"ESTE","Earthstone Energy, Inc.","13.81","$307.81M","n/a","Energy","Oil & Gas Production","http://www.nasdaq.com/symbol/este",
"EVM","Eaton Vance California Municipal Bond Fund","11.33","$242.4M","n/a","n/a","n/a","http://www.nasdaq.com/symbol/evm",
"EIA","Eaton Vance California Municipal Bond Fund II","11.76","$45.7M","n/a","n/a","n/a","http://www.nasdaq.com/symbol/eia",
"CEV","Eaton Vance California Municipal Income Trust","12.25","$88.87M","n/a","n/a","n/a","http://www.nasdaq.com/symbol/cev",
"EVV","Eaton Vance Limited Duration Income Fund","13.47","$1.56B","n/a","n/a","n/a","http://www.nasdaq.com/symbol/evv",
"MAB","Eaton Vance Massachusetts Municipal Bond Fund","13.53","$23.93M","n/a","n/a","n/a","http://www.nasdaq.com/symbol/mab",
"MMV","Eaton Vance Massachusetts Municipal Income Trust","13.21","$36.16M","n/a","n/a","n/a","http://www.nasdaq.com/symbol/mmv",
"MIW","Eaton Vance Michigan Municipal Bond Fund","13.4537","$20.18M","n/a","n/a","n/a","http://www.nasdaq.com/symbol/miw",
"EMI","Eaton Vance Michigan Municipal Income Trust","12.94","$26.05M","n/a","n/a","n/a","http://www.nasdaq.com/symbol/emi",
"EIM","Eaton Vance Municipal Bond Fund","12.52","$853.47M","n/a","n/a","n/a","http://www.nasdaq.com/symbol/eim",
"EIV","Eaton Vance Municipal Bond Fund II","12.32","$123.36M","n/a","n/a","n/a","http://www.nasdaq.com/symbol/eiv",
"EMJ","Eaton Vance New Jersey Municipal Bond Fund","12.79","$32.99M","n/a","n/a","n/a","http://www.nasdaq.com/symbol/emj",
"EVJ","Eaton Vance New Jersey Municipal Income Trust","12.0464","$55.39M","n/a","n/a","n/a","http://www.nasdaq.com/symbol/evj",
"ENX","Eaton Vance New York Municipal Bond Fund","12.27","$192.17M","n/a","n/a","n/a","http://www.nasdaq.com/symbol/enx",
"NYH","Eaton Vance New York Municipal Bond Fund II","11.71","$29.94M","n/a","n/a","n/a","http://www.nasdaq.com/symbol/nyh",
"EVY","Eaton Vance New York Municipal Income Trust","12.84","$70.3M","n/a","n/a","n/a","http://www.nasdaq.com/symbol/evy",
"EIO","Eaton Vance Ohio Municipal Bond Fund","13.32","$33.8M","n/a","n/a","n/a","http://www.nasdaq.com/symbol/eio",
"EVO","Eaton Vance Ohio Municipal Income Trust","13.75","$39.29M","n/a","n/a","n/a","http://www.nasdaq.com/symbol/evo",
"EIP","Eaton Vance Pennsylvania Municipal Bond Fund","12.76","$37.77M","n/a","n/a","n/a","http://www.nasdaq.com/symbol/eip",
"EVP","Eaton Vance Pennsylvania Municipal Income Trust","12.18","$31.68M","n/a","n/a","n/a","http://www.nasdaq.com/symbol/evp",
"ELMD","Electromed, Inc.","4","$32.87M","n/a","Health Care","Biotechnology: Electromedical & Electrotherapeutic Apparatus","http://www.nasdaq.com/symbol/elmd",
"ELLO","Ellomay Capital Ltd.","7.12","$76.03M","n/a","Public Utilities","Electric Utilities: Central","http://www.nasdaq.com/symbol/ello",
"ECF","Ellsworth Growth and Income Fund Ltd.","8.1901","$105.74M","n/a","n/a","n/a","http://www.nasdaq.com/symbol/ecf",
"EMAN","eMagin Corporation","2.05","$64.83M","n/a","Technology","Semiconductors","http://www.nasdaq.com/symbol/eman",
"MSN","Emerson Radio Corporation","0.8497","$23.05M","n/a","Consumer Non-Durables","Consumer Electronics/Appliances","http://www.nasdaq.com/symbol/msn",
"UUUU","Energy Fuels Inc","1.57","$104.62M","n/a","Basic Industries","Mining & Quarrying of Nonmetallic Minerals (No Fuels)","http://www.nasdaq.com/symbol/uuuu",
"ENRJ","EnerJex Resources, Inc.","0.3566","$3M","n/a","Energy","Oil & Gas Production","http://www.nasdaq.com/symbol/enrj",
"ENSV","ENSERVCO Corporation","0.5652","$28.86M","n/a","Energy","Oilfield Services/Equipment","http://www.nasdaq.com/symbol/ensv",
"ESNC","EnSync, Inc.","0.7513","$35.95M","n/a","Public Utilities","Electric Utilities: Central","http://www.nasdaq.com/symbol/esnc",
"EGI","Entree Gold Inc","0.2979","$45.59M","n/a","Basic Industries","Precious Metals","http://www.nasdaq.com/symbol/egi",
"EVI","EnviroStarm, Inc.","13.05","$130.25M","n/a","Consumer Services","Other Consumer Services","http://www.nasdaq.com/symbol/evi",
"ERN","Erin Energy Corp.","2.3","$489.18M","n/a","Energy","Oil & Gas Production","http://www.nasdaq.com/symbol/ern",
"ESP","Espey Mfg. & Electronics Corp.","26.62","$62.95M","n/a","Capital Goods","Industrial Machinery/Components","http://www.nasdaq.com/symbol/esp",
"EMXX","Eurasian Minerals Inc.","0.9694","$71.82M","n/a","Basic Industries","Precious Metals","http://www.nasdaq.com/symbol/emxx",
"EVBN","Evans Bancorp, Inc.","35.05","$150.44M","n/a","Finance","Major Banks","http://www.nasdaq.com/symbol/evbn",
"EPM","Evolution Petroleum Corporation, Inc.","8.9","$294.11M","n/a","Energy","Oil & Gas Production","http://www.nasdaq.com/symbol/epm",
"XRA","Exeter Resource Corporation","0.7494","$66.44M","n/a","Basic Industries","Mining & Quarrying of Nonmetallic Minerals (No Fuels)","http://www.nasdaq.com/symbol/xra",
"FPP","FieldPoint Petroleum Corporation","0.7001","$6.85M","n/a","Energy","Oil & Gas Production","http://www.nasdaq.com/symbol/fpp",
"FPP.WS","FieldPoint Petroleum Corporation","n/a","n/a","n/a","n/a","n/a","http://www.nasdaq.com/symbol/fpp.ws",
"FEN","First Trust Energy Income and Growth Fund","25.82","$499.75M","n/a","n/a","n/a","http://www.nasdaq.com/symbol/fen",
"BDL","Flanigan&#39;s Enterprises, Inc.","23.3","$43.31M","n/a","Consumer Services","Restaurants","http://www.nasdaq.com/symbol/bdl",
"FSI","Flexible Solutions International Inc.","1.28","$14.66M","n/a","Basic Industries","Major Chemicals","http://www.nasdaq.com/symbol/fsi",
"FTF","Franklin Limited Duration Income Trust","11.99","$321.28M","n/a","n/a","n/a","http://www.nasdaq.com/symbol/ftf",
"FSP","Franklin Street Properties Corp.","12.38","$1.33B","n/a","Consumer Services","Real Estate Investment Trusts","http://www.nasdaq.com/symbol/fsp",
"FRD","Friedman Industries Inc.","6.33","$43.04M","n/a","Capital Goods","Steel/Iron Ore","http://www.nasdaq.com/symbol/frd",
"GGN","GAMCO Global Gold, Natural Reources & Income Trust ","5.3071","$634.61M","n/a","n/a","n/a","http://www.nasdaq.com/symbol/ggn",
"GGN^B","GAMCO Global Gold, Natural Reources & Income Trust ","22.9618","n/a","n/a","n/a","n/a","http://www.nasdaq.com/symbol/ggn^b",
"EGAS","Gas Natural Inc.","12.55","$132.02M","n/a","Public Utilities","Oil/Gas Transmission","http://www.nasdaq.com/symbol/egas",
"GST","Gastar Exploration Inc.","1.24","$163.34M","n/a","Energy","Oil & Gas Production","http://www.nasdaq.com/symbol/gst",
"GST^A","Gastar Exploration Inc.","15.7","n/a","n/a","n/a","n/a","http://www.nasdaq.com/symbol/gst^a",
"GST^B","Gastar Exploration Inc.","16.55","n/a","n/a","n/a","n/a","http://www.nasdaq.com/symbol/gst^b",
"JOB","GEE Group Inc.","4.75","$44.55M","n/a","Technology","Diversified Commercial Services","http://www.nasdaq.com/symbol/job",
"GMO","General Moly, Inc","0.2601","$23.65M","n/a","Basic Industries","Precious Metals","http://www.nasdaq.com/symbol/gmo",
"GIG","GigPeak, Inc.","2.64","$178.83M","n/a","Technology","Semiconductors","http://www.nasdaq.com/symbol/gig",
"GSB","GlobalSCAPE, Inc.","3.91","$82.68M","n/a","Technology","Computer Software: Prepackaged Software","http://www.nasdaq.com/symbol/gsb",
"GSAT","Globalstar, Inc.","0.9432","$1.02B","n/a","Consumer Services","Telecommunications Equipment","http://www.nasdaq.com/symbol/gsat",
"GLOW","Glowpoint, Inc.","0.2981","$10.87M","n/a","Public Utilities","Telecommunications Equipment","http://www.nasdaq.com/symbol/glow",
"GORO","Gold Resource Corporation","4.22","$238.71M","n/a","Basic Industries","Precious Metals","http://www.nasdaq.com/symbol/goro",
"GSV","Gold Standard Ventures Corporation","2.09","$462.97M","n/a","Basic Industries","Mining & Quarrying of Nonmetallic Minerals (No Fuels)","http://www.nasdaq.com/symbol/gsv",
"AUMN","Golden Minerals Company","0.6701","$59.59M","n/a","Basic Industries","Precious Metals","http://www.nasdaq.com/symbol/aumn",
"GSS","Golden Star Resources, Ltd","0.8094","$266.09M","n/a","Basic Industries","Precious Metals","http://www.nasdaq.com/symbol/gss",
"GV","Goldfield Corporation (The)","4.4","$111.99M","n/a","Basic Industries","Water Supply","http://www.nasdaq.com/symbol/gv",
"GRC","Gorman-Rupp Company (The)","32.26","$841.7M","n/a","Capital Goods","Fluid Controls","http://www.nasdaq.com/symbol/grc",
"GTE","Gran Tierra Energy Inc.","2.86","$1.12B","n/a","Energy","Oil & Gas Production","http://www.nasdaq.com/symbol/gte",
"GPL","Great Panther Silver Limited","1.46","$242.9M","n/a","Basic Industries","Precious Metals","http://www.nasdaq.com/symbol/gpl",
"SIM","Grupo Simec, S.A. de C.V.","14.21","$2.36B","n/a","Basic Industries","Steel/Iron Ore","http://www.nasdaq.com/symbol/sim",
"GVP","GSE Systems, Inc.","3.45","$64.46M","n/a","Technology","Computer Software: Prepackaged Software","http://www.nasdaq.com/symbol/gvp",
"HCHC","HC2 Holdings, Inc.","5.2","$217.46M","n/a","Capital Goods","Metal Fabrications","http://www.nasdaq.com/symbol/hchc",
"HEB","Hemispherx BioPharma, Inc.","0.81","$19.53M","n/a","n/a","n/a","http://www.nasdaq.com/symbol/heb",
"HLM^","Hillman Group Capital Trust","33.3614","n/a","n/a","n/a","n/a","http://www.nasdaq.com/symbol/hlm^",
"HMG","HMG/Courtland Properties, Inc.","10.8678","$10.89M","n/a","Consumer Services","Real Estate Investment Trusts","http://www.nasdaq.com/symbol/hmg",
"HH","Hooper Holmes, Inc.","0.91","$9.19M","n/a","Health Care","Hospital/Nursing Management","http://www.nasdaq.com/symbol/hh",
"HUSA","Houston American Energy Corporation","0.2031","$10.41M","n/a","Energy","Oil & Gas Production","http://www.nasdaq.com/symbol/husa",
"IBIO","iBio, Inc.","0.39","$34.75M","n/a","Health Care","Major Pharmaceuticals","http://www.nasdaq.com/symbol/ibio",
"IBO","IBO (Listing Market - NYSE Amex Network B F)","153.82","n/a","n/a","n/a","n/a","http://www.nasdaq.com/symbol/ibo",
"IEC","IEC Electronics Corp.","3.5686","$36.67M","n/a","Technology","Electrical Products","http://www.nasdaq.com/symbol/iec",
"IMUC","ImmunoCellular Therapeutics, Ltd.","2.15","$7.41M","n/a","Health Care","Major Pharmaceuticals","http://www.nasdaq.com/symbol/imuc",
"IMUC.WS","ImmunoCellular Therapeutics, Ltd.","n/a","n/a","n/a","n/a","n/a","http://www.nasdaq.com/symbol/imuc.ws",
"IMH","Impac Mortgage Holdings, Inc.","14.18","$227.11M","n/a","Consumer Services","Real Estate Investment Trusts","http://www.nasdaq.com/symbol/imh",
"IMO","Imperial Oil Limited","35.47","$30.06B","n/a","Energy","Integrated oil Companies","http://www.nasdaq.com/symbol/imo",
"IOT","Income Opportunity Realty Investors, Inc.","7.47","$31.14M","n/a","Consumer Services","Real Estate Investment Trusts","http://www.nasdaq.com/symbol/iot",
"IRT","Independence Realty Trust, Inc.","8.53","$588.54M","n/a","Consumer Services","Real Estate Investment Trusts","http://www.nasdaq.com/symbol/irt",
"IGC","India Globalization Capital Inc.","0.3384","$9.6M","n/a","Consumer Non-Durables","Electronic Components","http://www.nasdaq.com/symbol/igc",
"INFU","InfuSystems Holdings, Inc.","2.35","$53.27M","n/a","Health Care","Medical/Dental Instruments","http://www.nasdaq.com/symbol/infu",
"IHT","InnSuites Hospitality Trust","2.22","$20.78M","n/a","Consumer Services","Real Estate Investment Trusts","http://www.nasdaq.com/symbol/iht",
"NSPR","InspireMD, Inc.","3.01","$4.31M","n/a","Health Care","Medical/Dental Instruments","http://www.nasdaq.com/symbol/nspr",
"NSPR.WS","InspireMD, Inc.","n/a","n/a","n/a","n/a","n/a","http://www.nasdaq.com/symbol/nspr.ws",
"IFMI","Institutional Financial Markets, Inc.","1.1632","$14.06M","n/a","Finance","Investment Bankers/Brokers/Service","http://www.nasdaq.com/symbol/ifmi",
"IDN","Intellicheck Mobilisa, Inc.","2.8399","$30.01M","n/a","Technology","Computer Software: Prepackaged Software","http://www.nasdaq.com/symbol/idn",
"INS","Intelligent Systems Corporation","4.01","$35.01M","n/a","Technology","Computer Software: Prepackaged Software","http://www.nasdaq.com/symbol/ins",
"THM","International Tower Hill Mines Ltd","0.5172","$60.18M","n/a","Basic Industries","Precious Metals","http://www.nasdaq.com/symbol/thm",
"INTT","inTest Corporation","4.505","$46.75M","n/a","Capital Goods","Electrical Products","http://www.nasdaq.com/symbol/intt",
"INUV","Inuvo, Inc","1.47","$36.65M","n/a","Consumer Services","Advertising","http://www.nasdaq.com/symbol/inuv",
"VKI","Invesco Advantage Municipal Income Trust II","11.05","$490.53M","n/a","n/a","n/a","http://www.nasdaq.com/symbol/vki",
"ISR","IsoRay, Inc.","0.5551","$30.54M","n/a","Health Care","Medical/Dental Instruments","http://www.nasdaq.com/symbol/isr",
"ISDR","Issuer Direct Corporation","8.9","$25.45M","n/a","Miscellaneous","Publishing","http://www.nasdaq.com/symbol/isdr",
"JRJR","JRjr33, Inc.","0.742","$28.51M","n/a","Consumer Services","Other Consumer Services","http://www.nasdaq.com/symbol/jrjr",
"KIQ","Kelso Technologies Inc","0.8558","$39.72M","n/a","Capital Goods","Railroads","http://www.nasdaq.com/symbol/kiq",
"KLDX","Klondex Mines Ltd.","4.49","$670.47M","n/a","Basic Industries","Precious Metals","http://www.nasdaq.com/symbol/kldx",
"LTS","Ladenburg Thalmann Financial Services Inc","2.6","$504.12M","n/a","Finance","Investment Bankers/Brokers/Service","http://www.nasdaq.com/symbol/lts",
"LTS^A","Ladenburg Thalmann Financial Services Inc","23.9","n/a","n/a","n/a","n/a","http://www.nasdaq.com/symbol/lts^a",
"LAQ","Latin America Equity Fund, Inc. (The)","19.27","$143.53M","n/a","n/a","n/a","http://www.nasdaq.com/symbol/laq",
"LGL","LGL Group, Inc. (The)","4.9","$13.06M","n/a","Capital Goods","Industrial Machinery/Components","http://www.nasdaq.com/symbol/lgl",
"LBY","Libbey, Inc.","19.51","$426.17M","n/a","Capital Goods","Industrial Machinery/Components","http://www.nasdaq.com/symbol/lby",
"LIQT","LiqTech International, Inc.","0.62","$24.51M","n/a","Technology","Industrial Machinery/Components","http://www.nasdaq.com/symbol/liqt",
"LEI","Lucas Energy, Inc.","1.31","$24.27M","n/a","Energy","Oil & Gas Production","http://www.nasdaq.com/symbol/lei",
"MCZ","Mad Catz Interactive Inc","0.163","$11.98M","n/a","Consumer Non-Durables","Recreational Products/Toys","http://www.nasdaq.com/symbol/mcz",
"MAG","MAG Silver Corporation","11.37","$917.2M","n/a","Basic Industries","Precious Metals","http://www.nasdaq.com/symbol/mag",
"MJCO","Majesco","4.73","$172.58M","n/a","Technology","Computer Software: Prepackaged Software","http://www.nasdaq.com/symbol/mjco",
"MSTX","Mast Therapeutics, Inc.","0.1061","$25.28M","n/a","Health Care","Major Pharmaceuticals","http://www.nasdaq.com/symbol/mstx",
"MHH","Mastech Digital, Inc","6.88","$30.76M","n/a","Consumer Services","Professional Services","http://www.nasdaq.com/symbol/mhh",
"IPB","Merrill Lynch & Co., Inc.","28.2385","n/a","n/a","Finance","Finance: Consumer Services","http://www.nasdaq.com/symbol/ipb",
"MXC","Mexco Energy Corporation","4.59","$9.35M","n/a","Energy","Oil & Gas Production","http://www.nasdaq.com/symbol/mxc",
"CCA","MFS California Insured Municipal Trust","11.24","$31.32M","n/a","n/a","n/a","http://www.nasdaq.com/symbol/cca",
"MPO","MIDSTATES PETROLEUM COMPANY, INC.","20.35","$502.64M","n/a","Energy","Oil & Gas Production","http://www.nasdaq.com/symbol/mpo",
"MLSS","Milestone Scientific, Inc.","1.8","$50.5M","n/a","Health Care","Industrial Specialties","http://www.nasdaq.com/symbol/mlss",
"MGH","Minco Gold Corporation","0.21","$10.66M","n/a","Basic Industries","Precious Metals","http://www.nasdaq.com/symbol/mgh",
"MVF","MuniVest Fund, Inc.","9.79","$629.92M","n/a","n/a","n/a","http://www.nasdaq.com/symbol/mvf",
"MZA","MuniYield Arizona Fund, Inc.","14.16","$65.32M","n/a","n/a","n/a","http://www.nasdaq.com/symbol/mza",
"NNVC","NanoViricides, Inc.","1.03","$59.95M","n/a","Health Care","Biotechnology: Commercial Physical & Biological Resarch","http://www.nasdaq.com/symbol/nnvc",
"ATEST","NASDAQ TEST STOCK","25","n/a","n/a","n/a","n/a","http://www.nasdaq.com/symbol/atest",
"ATEST.A","NASDAQ TEST STOCK","n/a","n/a","n/a","n/a","n/a","http://www.nasdaq.com/symbol/atest.a",
"ATEST.B","NASDAQ TEST STOCK","n/a","n/a","n/a","n/a","n/a","http://www.nasdaq.com/symbol/atest.b",
"ATEST.C","NASDAQ TEST STOCK","n/a","n/a","n/a","n/a","n/a","http://www.nasdaq.com/symbol/atest.c",
"NHC","National HealthCare Corporation","74.45","$1.13B","n/a","Health Care","Hospital/Nursing Management","http://www.nasdaq.com/symbol/nhc",
"NAVB","Navidea Biopharmaceuticals, Inc.","0.6801","$105.93M","n/a","Health Care","Biotechnology: In Vitro & In Vivo Diagnostic Substances","http://www.nasdaq.com/symbol/navb",
"NTIP","Network-1 Technologies, Inc.","3.25","$75.82M","n/a","Technology","Computer Software: Prepackaged Software","http://www.nasdaq.com/symbol/ntip",
"NBW","Neuberger Berman California Intermediate Municipal Fund Inc.","14.34","$79.52M","n/a","n/a","n/a","http://www.nasdaq.com/symbol/nbw",
"NHS","Neuberger Berman High Yield Strategies Fund","11.49","$224.52M","n/a","n/a","n/a","http://www.nasdaq.com/symbol/nhs",
"NBH","Neuberger Berman Intermediate Municipal Fund Inc.","15.6","$292.85M","n/a","n/a","n/a","http://www.nasdaq.com/symbol/nbh",
"NML","Neuberger Berman MLP Income Fund Inc.","9.09","$514.01M","n/a","n/a","n/a","http://www.nasdaq.com/symbol/nml",
"NBO","Neuberger Berman New York Intermediate Municipal Fund Inc.","12.41","$63M","n/a","n/a","n/a","http://www.nasdaq.com/symbol/nbo",
"NRO","Neuberger Berman Real Estate Securities Income Fund, Inc.","5.27","$294M","n/a","n/a","n/a","http://www.nasdaq.com/symbol/nro",
"UWN","Nevada Gold & Casinos, Inc.","1.77","$31.5M","n/a","Consumer Services","Services-Misc. Amusement & Recreation","http://www.nasdaq.com/symbol/uwn",
"NSU","Nevsun Resources Ltd","3.26","$981.62M","n/a","Basic Industries","Precious Metals","http://www.nasdaq.com/symbol/nsu",
"GBR","New Concept Energy, Inc","2.18","$4.24M","n/a","Energy","Oil & Gas Production","http://www.nasdaq.com/symbol/gbr",
"NEN","New England Realty Associates Limited Partnership","60.5","$226.72M","n/a","Consumer Services","Building operators","http://www.nasdaq.com/symbol/nen",
"NGD","New Gold Inc.","3.63","$1.86B","n/a","Basic Industries","Precious Metals","http://www.nasdaq.com/symbol/ngd",
"HLTH","Nobilis Health Corp.","2.1","$163.02M","n/a","Health Care","Hospital/Nursing Management","http://www.nasdaq.com/symbol/hlth",
"NSAT","Norsat International Inc.","7.85","$45.91M","n/a","Capital Goods","Industrial Machinery/Components","http://www.nasdaq.com/symbol/nsat",
"NAK","Northern Dynasty Minerals, Ltd.","1.65","$441.85M","n/a","Basic Industries","Precious Metals","http://www.nasdaq.com/symbol/nak",
"NOG","Northern Oil and Gas, Inc.","3.1","$195.39M","n/a","Energy","Oil & Gas Production","http://www.nasdaq.com/symbol/nog",
"NBY","NovaBay Pharmaceuticals, Inc.","3.75","$56.76M","n/a","Health Care","Major Pharmaceuticals","http://www.nasdaq.com/symbol/nby",
"NG","Novagold Resources Inc.","4.11","$1.32B","n/a","Basic Industries","Precious Metals","http://www.nasdaq.com/symbol/ng",
"NTN","NTN Buzztime, Inc.","10.09","$22.81M","n/a","Consumer Services","Broadcasting","http://www.nasdaq.com/symbol/ntn",
"CFD","Nuveen Diversified Commodity Fund","9.6905","$87.67M","n/a","n/a","n/a","http://www.nasdaq.com/symbol/cfd",
"CTF","Nuveen Long/Short Commodity Total Return Fund","13.87","$226.72M","n/a","n/a","n/a","http://www.nasdaq.com/symbol/ctf",
"NJV","Nuveen New Jersey Municipal Value Fund","14.95","$23.18M","n/a","n/a","n/a","http://www.nasdaq.com/symbol/njv",
"NPN","Nuveen Pennsylvania Municipal Value Fund","15.35","$18.72M","n/a","n/a","n/a","http://www.nasdaq.com/symbol/npn",
"OCX","OncoCyte Corporation","6.65","$190.92M","n/a","Health Care","Biotechnology: In Vitro & In Vivo Diagnostic Substances","http://www.nasdaq.com/symbol/ocx",
"OGEN","Oragenics, Inc.","0.58","$28.49M","n/a","Health Care","Major Pharmaceuticals","http://www.nasdaq.com/symbol/ogen",
"TIS","Orchids Paper Products Company","25.54","$262.98M","n/a","Basic Industries","Paper","http://www.nasdaq.com/symbol/tis",
"ONP","Orient Paper, Inc.","1.19","$25.53M","n/a","Consumer Durables","Containers/Packaging","http://www.nasdaq.com/symbol/onp",
"ORM","Owens Realty Mortgage, Inc.","18.35","$188.04M","n/a","Consumer Services","Real Estate Investment Trusts","http://www.nasdaq.com/symbol/orm",
"PHF","Pacholder High Yield Fund, Inc.","7.2","$93.58M","n/a","n/a","n/a","http://www.nasdaq.com/symbol/phf",
"PCG^A","Pacific Gas & Electric Co.","30.284","n/a","n/a","n/a","n/a","http://www.nasdaq.com/symbol/pcg^a",
"PCG^B","Pacific Gas & Electric Co.","27.95","n/a","n/a","n/a","n/a","http://www.nasdaq.com/symbol/pcg^b",
"PCG^C","Pacific Gas & Electric Co.","25.735","n/a","n/a","n/a","n/a","http://www.nasdaq.com/symbol/pcg^c",
"PCG^D","Pacific Gas & Electric Co.","25.2999","n/a","n/a","n/a","n/a","http://www.nasdaq.com/symbol/pcg^d",
"PCG^E","Pacific Gas & Electric Co.","25.44","n/a","n/a","n/a","n/a","http://www.nasdaq.com/symbol/pcg^e",
"PCG^G","Pacific Gas & Electric Co.","25.858","n/a","n/a","n/a","n/a","http://www.nasdaq.com/symbol/pcg^g",
"PCG^H","Pacific Gas & Electric Co.","23.5","n/a","n/a","n/a","n/a","http://www.nasdaq.com/symbol/pcg^h",
"PCG^I","Pacific Gas & Electric Co.","24.6324","n/a","n/a","n/a","n/a","http://www.nasdaq.com/symbol/pcg^i",
"PTN","Palatin Technologies, Inc.","0.51","$68.05M","n/a","Health Care","Major Pharmaceuticals","http://www.nasdaq.com/symbol/ptn",
"PARR","Par Pacific Holdings, Inc.","14.37","$653.92M","n/a","Energy","Oil & Gas Production","http://www.nasdaq.com/symbol/parr",
"PZG","Paramount Gold Nevada Corp.","1.63","$25.57M","n/a","Basic Industries","Precious Metals","http://www.nasdaq.com/symbol/pzg",
"TEUM","Pareteum Corporation","0.1125","$20.25M","n/a","Technology","EDP Services","http://www.nasdaq.com/symbol/teum",
"PRK","Park National Corporation","116.95","$1.79B","n/a","Finance","Major Banks","http://www.nasdaq.com/symbol/prk",
"PED","Pedevco Corp.","0.1401","$6.98M","n/a","Energy","Oil & Gas Production","http://www.nasdaq.com/symbol/ped",
"PFNX","Pfenex Inc.","9.22","$215.91M","n/a","Health Care","Major Pharmaceuticals","http://www.nasdaq.com/symbol/pfnx",
"PIP","PharmAthene, Inc","3.2","$213.53M","n/a","Health Care","Major Pharmaceuticals","http://www.nasdaq.com/symbol/pip",
"HNW","Pioneer Diversified High Income Trust","15.82","$131.82M","n/a","n/a","n/a","http://www.nasdaq.com/symbol/hnw",
"PLG","Platinum Group Metals Ltd.","1.68","$189.51M","n/a","Basic Industries","Precious Metals","http://www.nasdaq.com/symbol/plg",
"PLM","Polymet Mining Corp.","0.835","$265.47M","n/a","Basic Industries","Precious Metals","http://www.nasdaq.com/symbol/plm",
"PW","Power REIT","6.6108","$11.8M","n/a","Consumer Services","Real Estate Investment Trusts","http://www.nasdaq.com/symbol/pw",
"PW^A","Power REIT","25.4799","n/a","n/a","n/a","n/a","http://www.nasdaq.com/symbol/pw^a",
"PLX","Protalix BioTherapeutics, Inc.","0.335","$41.47M","n/a","Health Care","Biotechnology: Biological Products (No Diagnostic Substances)","http://www.nasdaq.com/symbol/plx",
"RLGT","Radiant Logistics, Inc.","3.85","$187.84M","n/a","Transportation","Oil Refining/Marketing","http://www.nasdaq.com/symbol/rlgt",
"RLGT^A","Radiant Logistics, Inc.","25.6747","n/a","n/a","n/a","n/a","http://www.nasdaq.com/symbol/rlgt^a",
"UTG","Reaves Utility Income Fund","29.68","$1.02B","n/a","n/a","n/a","http://www.nasdaq.com/symbol/utg",
"REED","Reeds, Inc.","3.95","$55.2M","n/a","Consumer Non-Durables","Beverages (Production/Distribution)","http://www.nasdaq.com/symbol/reed",
"RWC","RELM Wireless Corporation","4.8997","$67.39M","n/a","Technology","Radio And Television Broadcasting And Communications Equipment","http://www.nasdaq.com/symbol/rwc",
"RCG","RENN Fund, Inc.","1.25","$5.58M","n/a","n/a","n/a","http://www.nasdaq.com/symbol/rcg",
"RVP","Retractable Technologies, Inc.","0.97","$28.77M","n/a","Health Care","Medical/Dental Instruments","http://www.nasdaq.com/symbol/rvp",
"RNN","Rexahn Pharmaceuticals, Inc.","0.1456","$34.56M","n/a","Health Care","Major Pharmaceuticals","http://www.nasdaq.com/symbol/rnn",
"RIC","Richmont Mines, Inc.","6.2","$390.37M","n/a","Basic Industries","Precious Metals","http://www.nasdaq.com/symbol/ric",
"REI","Ring Energy, Inc.","11.61","$562.41M","n/a","Energy","Oil & Gas Production","http://www.nasdaq.com/symbol/rei",
"RIF","RMR Real Estate Income Fund","20.19","$154.48M","n/a","n/a","n/a","http://www.nasdaq.com/symbol/rif",
"SGA","Saga Communications, Inc.","48.71","$285.45M","n/a","Consumer Services","Broadcasting","http://www.nasdaq.com/symbol/sga",
"SSN","Samson Oil & Gas Limited","0.63","$10.13M","n/a","Energy","Oil & Gas Production","http://www.nasdaq.com/symbol/ssn",
"SPP","Sanchez Production Partners LP","11.6","$153.74M","n/a","Energy","Oil & Gas Production","http://www.nasdaq.com/symbol/spp",
"SAND          ","Sandstorm Gold Ltd","3.6","$548.07M","n/a","Basic Industries","Precious Metals","http://www.nasdaq.com/symbol/sand",
"SEB","Seaboard Corporation","4275","$5B","n/a","Finance","Investment Bankers/Brokers/Service","http://www.nasdaq.com/symbol/seb",
"SENS","Senseonics Holdings, Inc.","2.91","$271.77M","n/a","Capital Goods","Industrial Machinery/Components","http://www.nasdaq.com/symbol/sens",
"SVT","Servotronics, Inc.","9.51","$23.46M","n/a","Capital Goods","Industrial Machinery/Components","http://www.nasdaq.com/symbol/svt",
"SIF","SIFCO Industries, Inc.","8.75","$48.35M","n/a","Capital Goods","Aerospace","http://www.nasdaq.com/symbol/sif",
"SKY","Skyline Corporation","14.5693","$122.25M","n/a","Basic Industries","Homebuilding","http://www.nasdaq.com/symbol/sky",
"XPL","Solitario Exploration & Royalty Corp","0.66","$25.57M","n/a","Basic Industries","Precious Metals","http://www.nasdaq.com/symbol/xpl",
"SCE^B","Southern California Edison Company","22.11","n/a","n/a","n/a","n/a","http://www.nasdaq.com/symbol/sce^b",
"SCE^C","Southern California Edison Company","23.6425","n/a","n/a","n/a","n/a","http://www.nasdaq.com/symbol/sce^c",
"SCE^D","Southern California Edison Company","24.9999","n/a","n/a","n/a","n/a","http://www.nasdaq.com/symbol/sce^d",
"SCE^E","Southern California Edison Company","25.1109","n/a","n/a","n/a","n/a","http://www.nasdaq.com/symbol/sce^e",
"SGB","Southwest Georgia Financial Corporation","17.95","$44.88M","n/a","Finance","Major Banks","http://www.nasdaq.com/symbol/sgb",
"LOV","Spark Networks, Inc.","1.07","$34.11M","n/a","Miscellaneous","Business Services","http://www.nasdaq.com/symbol/lov",
"STRP","Straight Path Communications Inc.","26.97","$336.13M","n/a","Public Utilities","Telecommunications Equipment","http://www.nasdaq.com/symbol/strp",
"SSY","SunLink Health Systems, Inc.","1.12","$10.58M","n/a","Health Care","Hospital/Nursing Management","http://www.nasdaq.com/symbol/ssy",
"SDPI","Superior Drilling Products, Inc.","1.13","$27.23M","n/a","Energy","Metal Fabrications","http://www.nasdaq.com/symbol/sdpi",
"STS","Supreme Industries, Inc.","15.37","$262.66M","n/a","Capital Goods","Construction/Ag Equipment/Trucks","http://www.nasdaq.com/symbol/sts",
"SYRG","Synergy Resources Corporation","9.48","$1.9B","n/a","Energy","Oil & Gas Production","http://www.nasdaq.com/symbol/syrg",
"SYN","Synthetic Biologics, Inc","0.859","$100.65M","n/a","Health Care","Major Pharmaceuticals","http://www.nasdaq.com/symbol/syn",
"TRX","Tanzanian Royalty Exploration Corporation","0.431","$50.34M","n/a","Basic Industries","Precious Metals","http://www.nasdaq.com/symbol/trx",
"TGB","Taseko Mines Limited","0.7585","$168.26M","n/a","Basic Industries","Precious Metals","http://www.nasdaq.com/symbol/tgb",
"TIK","Tel-Instrument Electronics Corp.","4.65","$15.14M","n/a","Capital Goods","Electrical Products","http://www.nasdaq.com/symbol/tik",
"TGC","Tengasco, Inc.","0.72","$4.39M","n/a","Energy","Oil & Gas Production","http://www.nasdaq.com/symbol/tgc",
"GLU","The Gabelli Global Utility and Income Trust","16.67","$68.54M","n/a","n/a","n/a","http://www.nasdaq.com/symbol/glu",
"GLU^A","The Gabelli Global Utility and Income Trust","51.27","n/a","n/a","n/a","n/a","http://www.nasdaq.com/symbol/glu^a",
"GGO","The Gabelli Go Anywhere Trust","20.65","$123.9M","n/a","n/a","n/a","http://www.nasdaq.com/symbol/ggo",
"GGO^A","The Gabelli Go Anywhere Trust","51.84","n/a","n/a","n/a","n/a","http://www.nasdaq.com/symbol/ggo^a",
"TXMD","TherapeuticsMD, Inc.","5.61","$1.1B","n/a","Health Care","Major Pharmaceuticals","http://www.nasdaq.com/symbol/txmd",
"TGD","Timmons Gold Corp","0.3","$106.69M","n/a","Basic Industries","Precious Metals","http://www.nasdaq.com/symbol/tgd",
"TMP","Tompkins Financial Corporation","88.52","$1.33B","n/a","Finance","Major Banks","http://www.nasdaq.com/symbol/tmp",
"TAT","Transatlantic Petroleum Ltd","0.995","$46.97M","n/a","Energy","Oil & Gas Production","http://www.nasdaq.com/symbol/tat",
"TRXC","TransEnterix, Inc.","1.34","$154.18M","n/a","Health Care","Medical/Dental Instruments","http://www.nasdaq.com/symbol/trxc",
"TPLM","Triangle Petroleum Corporation","0.2723","$20.85M","n/a","Energy","Oil & Gas Production","http://www.nasdaq.com/symbol/tplm",
"TMQ","Trilogy Metals Inc.","0.47","$49.48M","n/a","Basic Industries","Precious Metals","http://www.nasdaq.com/symbol/tmq",
"TPHS","Trinity Place Holdings Inc.","9.61","$244.99M","n/a","Consumer Services","Building operators","http://www.nasdaq.com/symbol/tphs",
"TRT","Trio-Tech International","3.33","$11.7M","n/a","Technology","Industrial Machinery/Components","http://www.nasdaq.com/symbol/trt",
"HTM","U.S. Geothermal Inc.","3.9","$73.64M","n/a","Public Utilities","Electric Utilities: Central","http://www.nasdaq.com/symbol/htm",
"UFAB","Unique Fabricating, Inc.","14.9","$144.78M","n/a","Capital Goods","Auto Parts:O.E.M.","http://www.nasdaq.com/symbol/ufab",
"UAMY","United States Antimony Corporation","0.3","$20.06M","n/a","Capital Goods","Metal Fabrications","http://www.nasdaq.com/symbol/uamy",
"UUU","Universal Security Instruments, Inc.","3.75","$8.67M","n/a","Consumer Non-Durables","Electronic Components","http://www.nasdaq.com/symbol/uuu",
"UQM","UQM TECHNOLOGIES INC","0.4895","$23.76M","n/a","Capital Goods","Industrial Machinery/Components","http://www.nasdaq.com/symbol/uqm",
"URG","Ur Energy Inc","0.51","$73.24M","n/a","Basic Industries","Precious Metals","http://www.nasdaq.com/symbol/urg",
"UEC","Uranium Energy Corp.","0.9511","$111.83M","n/a","Basic Industries","Precious Metals","http://www.nasdaq.com/symbol/uec",
"VSR","Versar, Inc.","1.41","$13.95M","n/a","Consumer Services","Military/Government/Technical","http://www.nasdaq.com/symbol/vsr",
"VII","Vicon Industries, Inc.","0.66","$6.17M","n/a","Consumer Durables","Telecommunications Equipment","http://www.nasdaq.com/symbol/vii",
"VHC","VirnetX Holding Corp","2.25","$127.55M","n/a","Miscellaneous","Multi-Sector Companies","http://www.nasdaq.com/symbol/vhc",
"VGZ","Vista Gold Corporation","0.94","$91.92M","n/a","Basic Industries","Precious Metals","http://www.nasdaq.com/symbol/vgz",
"VNRX","VolitionRX Limited","4.29","$111.94M","n/a","Health Care","Biotechnology: In Vitro & In Vivo Diagnostic Substances","http://www.nasdaq.com/symbol/vnrx",
"VISI","Volt Information Sciences, Inc.","6.05","$126.41M","n/a","Technology","Professional Services","http://www.nasdaq.com/symbol/visi",
"EAD","Wells Fargo Income Opportunities Fund","8.23","$584.19M","n/a","n/a","n/a","http://www.nasdaq.com/symbol/ead",
"ERC","Wells Fargo Multi-Sector Income Fund","12.65","$531.53M","n/a","n/a","n/a","http://www.nasdaq.com/symbol/erc",
"ERH","Wells Fargo Utilities and High Income Fund","12.28","$113.48M","n/a","n/a","n/a","http://www.nasdaq.com/symbol/erh",
"SBI","Western Asset Intermediate Muni Fund Inc","9.44","$132.89M","n/a","n/a","n/a","http://www.nasdaq.com/symbol/sbi",
"WRN","Western Copper and Gold Corporation","1.01","$95.4M","n/a","Basic Industries","Precious Metals","http://www.nasdaq.com/symbol/wrn",
"WYY","WidePoint Corporation","0.79","$65.36M","n/a","Technology","EDP Services","http://www.nasdaq.com/symbol/wyy",
"WTT","Wireless Telecom Group,  Inc.","1.74","$32.58M","n/a","Capital Goods","Electrical Products","http://www.nasdaq.com/symbol/wtt",
"XTNT","Xtant Medical Holdings, Inc.","0.5898","$10.17M","n/a","Health Care","Biotechnology: Biological Products (No Diagnostic Substances)","http://www.nasdaq.com/symbol/xtnt",
"YUMA","Yuma Energy, Inc.","3.5","$42.7M","n/a","Energy","Oil & Gas Production","http://www.nasdaq.com/symbol/yuma",
"ZDGE","Zedge, Inc.","3.32","$32.92M","n/a","Technology","Computer Software: Prepackaged Software","http://www.nasdaq.com/symbol/zdge",
